id;sku;nazwa;kategoria;szerokość;wysokość;głębokość;średnica;jednostka;reguła;raw
274880172;321321;"Hulajnoga aluminiowa L.A. Sports SWIFT 200MM 13871-14";"Sport i turystyka|Akcesoria sportowe|Hulajnogi";95;103.5;36;;cm;standalone-3d;"95 x 36 x 103,5 cm"
274880514;328556;"Hulajnoga aluminiowa ze stopką 13984";"Sport i turystyka|Akcesoria sportowe|Hulajnogi";92;97;37;;cm;standalone-3d;"92 x 37 x 97 cm"
274916673;476251;"Piłka lekarska Select 7 kg 2019 15737";"Sport i turystyka|Fitness i trening";;;;;;NO_MATCH;""
274953917;597132;"Piłka lekarska tiguar  1 kg TI-PL0001";"Sport i turystyka|Fitness i trening";;;;;;NO_MATCH;""
274953927;597133;"Piłka lekarska tiguar 2 kg TI-PL0002";"Sport i turystyka|Fitness i trening";;;;;;NO_MATCH;""
274953943;597134;"Piłka lekarska tiguar 3 kg TI-PL0003";"Sport i turystyka|Fitness i trening";;;;;;NO_MATCH;""
274953965;597135;"Piłka lekarska tiguar 4 kg TI-PL0004";"Sport i turystyka|Fitness i trening";;;;;;NO_MATCH;""
274953988;597136;"Piłka lekarska z uchwytami tiguar 10 kg TI-PLU010";"Sport i turystyka|Fitness i trening";;;;;;NO_MATCH;""
274954020;597137;"Piłka lekarska z uchwytami tiguar  5 kg TI-PLU005";"Sport i turystyka|Fitness i trening";;;;;;NO_MATCH;""
274954040;597138;"Piłka lekarska z uchwytami tiguar 6 kg TI-PLU006";"Sport i turystyka|Fitness i trening";;;;;;NO_MATCH;""
274954076;597140;"Piłka lekarska z uchwytami tiguar 8 kg TI-PLU008";"Sport i turystyka|Fitness i trening";;;;;;NO_MATCH;""
274954560;597196;"Piłka lekarska tiguar slam ball 12 kg TI-SL0012";"Sport i turystyka|Fitness i trening";;;;;;NO_MATCH;""
274954578;597197;"Piłka lekarska tiguar slam ball 15 kg TI-SL0015";"Sport i turystyka|Fitness i trening";;;;;;NO_MATCH;""
274964838;616997;"Rolki Mico Volt PW-126B-9";"Sport i turystyka|Akcesoria sportowe|Rolki";;;;;;NO_MATCH;""
274998298;646732;"Hamak, fotel brazylijski Natura Royokamp 1013428";"Ogród i Gospodarstwo|Meble ogrodowe";90;;50;;cm;wymiary-2d;"wymiary siedziska: 90x50 cm"
274998674;597192;"Piłka lekarska tiguar slam ball TI-SL0004";"Sport i turystyka|Fitness i trening";;;;;;NO_MATCH;""
274998689;597193;"Piłka lekarska tiguar slam ball TI-SL0006";"Sport i turystyka|Fitness i trening";;;;;;NO_MATCH;""
274998696;597194;"Piłka lekarska tiguar slam ball TI-SL0008";"Sport i turystyka|Fitness i trening";;;;;;NO_MATCH;""
274998703;597195;"Piłka lekarska tiguar slam ball 10 kg TI-SL0010";"Sport i turystyka|Fitness i trening";;;;;;NO_MATCH;""
275008913;611778;"Rolki Meteor Invert 2w1 Blue 22306-22308";"Sport i turystyka|Akcesoria sportowe|Rolki";38.5;11.5;27.5;;cm;standalone-3d;"38,5x27,5x11,5 cm"
275010818;293181;"Piłka lekarska 4 kg skórzana";"Sport i turystyka|Fitness i trening";;;;;;NO_MATCH;""
275010826;293182;"Piłka lekarska 5kg 1011665";"Sport i turystyka|Fitness i trening";;;;;;NO_MATCH;""
275047589;663611;"Hamak fotel brazylijski Royokamp 100x100 cm 1020259";"Ogród i Gospodarstwo|Meble ogrodowe";100;120;100;;cm;wymiary-3d;"wymiary: 100x100x120 cm"
275049040;664039;"Lodówka turystyczna Lifetime 90949";"Sport i turystyka|Sprzęt turystyczny";68.6;43.8;44.7;;cm;wymiary-3d;"Wymiary zewnętrzne: 68,6 x 44,7 x 43,8 cm"
275050716;528668;"Piłka lekarska Smj VMB-L004R 4kg";"Sport i turystyka|Fitness i trening";;;;;;NO_MATCH;""
275057381;409358;"HULAJNOGA TRÓJKOŁOWA SMJ PRINCESS AF-WG006";"Dla dziecka|Pojazdy dziecięce|Hulajnogi";;;;;;NO_MATCH;""
275063018;534445;"Piłka lekarska Yakimasport 3kg 100267";"Sport i turystyka|Fitness i trening";;;;23;cm;diameter;"średnica ok: 23 cm"
275063024;534733;"Piłka lekarska Yakimasport 2kg 100309";"Sport i turystyka|Fitness i trening";;;;;;NO_MATCH;""
275063032;534735;"Piłka lekarska Yakimasport 1kg 100308";"Sport i turystyka|Fitness i trening";;;;;;NO_MATCH;""
275066590;674724;"Hulajnoga balansowa jeździk 3w1 Enero Biedronka 1017679";"Dla dziecka|Pojazdy dziecięce|Hulajnogi";25;;57;;cm;labeled-dims;"długość 57cm; szerokość 25cm"
275085349;642861;"Hulajnoga Spokey Ayas 929393";"Sport i turystyka|Akcesoria sportowe|Hulajnogi";;101;;;cm;height-only;"Wysokość kierownicy od podłogi: 76 - 101 cm"
275087307;473282;"Hulajnoga Meteor Racer 22766";"Sport i turystyka|Akcesoria sportowe|Hulajnogi";37;73;;;cm;labeled-dims;"szerokość kierownicy: 37 cm; wysokość: 73 cm"
275122270;721812;"Rolki Tempish Gokid Jr 100000004098";"Sport i turystyka|Akcesoria sportowe|Rolki";;;;;;NO_MATCH;""
275122343;722063;"Rolki regulowane FR Junior Club FRSK-FRJC-BK - nie wystawiac";"Sport i turystyka|Akcesoria sportowe|Rolki";;;;;;NO_MATCH;""
275122444;721806;"Rolki Tempish Ayroo 1000061";"Sport i turystyka|Akcesoria sportowe|Rolki";;;;;;NO_MATCH;""
275122474;721807;"Rolki Tempish Ayroo Lady W 1000062";"Sport i turystyka|Akcesoria sportowe|Rolki";;;;;;NO_MATCH;""
275122488;721808;"Rolki Tempish Ayroo Top 1000059";"Sport i turystyka|Akcesoria sportowe|Rolki";;;;8.4;cm;diameter;"średnicy 84mm"
275122507;721809;"Rolki Tempish Ayroo Top Lady W 1000060";"Sport i turystyka|Akcesoria sportowe|Rolki";;;;8.4;cm;diameter;"średnicy 84mm"
275122527;721810;"Rolki Tempish Ezza 90 Uni 1000055";"Sport i turystyka|Akcesoria sportowe|Rolki";;;;;;NO_MATCH;""
275122557;721813;"Rolki Tempish Gokid Jr 100000004099";"Sport i turystyka|Akcesoria sportowe|Rolki";;;;;;NO_MATCH;""
275122565;721815;"Rolki Tempish S.R.Pro 1000004609";"Sport i turystyka|Akcesoria sportowe|Rolki";;;;0.8;cm;diameter;"średnicę 8mm"
275126769;721330;"Rolki Tempish Dasty Jr 1000049";"Sport i turystyka|Akcesoria sportowe|Rolki";;;;;;NO_MATCH;""
275126776;721331;"Rolki Tempish Dasty Jr 1000050";"Sport i turystyka|Akcesoria sportowe|Rolki";;;;;;NO_MATCH;""
275127104;721320;"Rolki biegowe Tempish Atatu Low 10000047023";"Sport i turystyka|Akcesoria sportowe|Rolki";;;;;;NO_MATCH;""
275127703;720417;"Rolki biegowe Tempish Atatu Mid 10000047019";"Sport i turystyka|Akcesoria sportowe|Rolki";;;;;;NO_MATCH;""
275127974;721826;"Hulajnoga Tempish Scooper Jr 10500002371";"Dla dziecka|Pojazdy dziecięce|Hulajnogi";;71;;;cm;height-only;"Wysokość kierownicy: 71 cm"
275202659;721508;"Rolki freestyle FR2 80 '20 Frsk-Fr280 - NIE WYSTAWIAC";"Sport i turystyka|Akcesoria sportowe|Rolki";;;;;;NO_MATCH;""
275202739;721816;"Rolki Tempish Wire 3.0 M 1000063";"Sport i turystyka|Akcesoria sportowe|Rolki";;;;;;NO_MATCH;""
275202757;721817;"Rolki Tempish Wire 3.0 W 1000064";"Sport i turystyka|Akcesoria sportowe|Rolki";;;;;;NO_MATCH;""
275202764;721818;"Rolki Tempish Wox M 1000065";"Sport i turystyka|Akcesoria sportowe|Rolki";;;;;;NO_MATCH;""
275202803;721820;"Rolki Powerslide Next Core 110 '20 908366-40";"Sport i turystyka|Akcesoria sportowe|Rolki";;;;;;NO_MATCH;""
275202933;721864;"Rolki hokejowe Mission Inhaler WM02 Sr 1058390";"Sport i turystyka|Akcesoria sportowe|Rolki";;;;;;NO_MATCH;""
275203053;772893;"Rolki freestyle Seba E3 80 SKK-E380";"Sport i turystyka|Akcesoria sportowe|Rolki";;;;;;NO_MATCH;""
275203062;772894;"Rolki freestyle Seba Trix 2 80 SSK-TRX280";"Sport i turystyka|Akcesoria sportowe|Rolki";;;;;;NO_MATCH;""
275203195;719918;"Rolki freestyle Tempish Caliber 1000004602";"Sport i turystyka|Akcesoria sportowe|Rolki";;;;;;NO_MATCH;""
275203210;720004;"Rolki regulowane Tempish Magic Rebel 10000000415";"Sport i turystyka|Akcesoria sportowe|Rolki";;;;;;NO_MATCH;""
275203227;720125;"Rolki biegowe Tempish Spider 10000047015";"Sport i turystyka|Akcesoria sportowe|Rolki";;;;;;NO_MATCH;""
275203339;720128;"Rolki biegowe Tempish GT 500 / 110 10000047018";"Sport i turystyka|Akcesoria sportowe|Rolki";;;;;;NO_MATCH;""
275203503;720258;"Rolki freestyle Tempish Rsc-X 1000004607";"Sport i turystyka|Akcesoria sportowe|Rolki";;;;;;NO_MATCH;""
275203530;720416;"Rolki hokejowe Mission Inhaler NLS:06 Yth 1049933";"Sport i turystyka|Akcesoria sportowe|Rolki";;;;;;NO_MATCH;""
275203692;721003;"Rolki regulowane Tempish Coctail Mate Jr 10000046032";"Sport i turystyka|Akcesoria sportowe|Rolki";;;;;;NO_MATCH;""
275203700;721004;"Rolki Tempish Swist Flash Jr 1000000032";"Sport i turystyka|Akcesoria sportowe|Rolki";;;;;;NO_MATCH;""
275203856;721040;"Rolki Tempish Wire 2.0 100000438";"Sport i turystyka|Akcesoria sportowe|Rolki";;;;;;NO_MATCH;""
275203866;721262;"Rolki freestyle Seba E3 80 Premium M SKK-E3 nie wystawiać";"Sport i turystyka|Akcesoria sportowe|Rolki";;;;;;NO_MATCH;""
275203885;721316;"Rolki hokejowe Bauer RH RS Jr 1053755";"Sport i turystyka|Akcesoria sportowe|Rolki";;;;;;NO_MATCH;""
275203904;721322;"Rolki Tempish Blax W 1000052";"Sport i turystyka|Akcesoria sportowe|Rolki";;;;0.8;cm;diameter;"średnicy 8 mm"
275203926;721323;"Rolki Tempish Wenox Top M 1000053";"Sport i turystyka|Akcesoria sportowe|Rolki";;;;;;NO_MATCH;""
275203946;721324;"Rolki Tempish Wenox Top W 1000054";"Sport i turystyka|Akcesoria sportowe|Rolki";;;;;;NO_MATCH;""
275203978;721325;"Rolki Tempish Ezza 90 1000067";"Sport i turystyka|Akcesoria sportowe|Rolki";;;;0.8;cm;diameter;"średnicy 8 mm"
275204000;721326;"Rolki Tempish Ezza Lady 90 W 1000056";"Sport i turystyka|Akcesoria sportowe|Rolki";;;;;;NO_MATCH;""
275204009;721334;"Rolki Tempish Baby Skate Racer Jr 1000000009";"Sport i turystyka|Akcesoria sportowe|Rolki";;;;;;NO_MATCH;""
275204015;721338;"Rolki hokejowe Tempish Volt-R 1000004807";"Sport i turystyka|Akcesoria sportowe|Rolki";;;;;;NO_MATCH;""
275204107;773901;"Rolki Tempish Ayroo Top EBS 10000591";"Sport i turystyka|Akcesoria sportowe|Rolki";;;;8.4;cm;diameter;"średnicy 84mm"
275207929;774222;"Rolki Tempish Wenox Top Lady Ebs W 10000541";"Sport i turystyka|Akcesoria sportowe|Rolki";;;;;;NO_MATCH;""
275222136;777761;"Hulajnoga 3-kołowa Globber Master Lights 662-120-2 HS-TNK-000015844";"Dla dziecka|Pojazdy dziecięce|Hulajnogi";37;;61;;cm;labeled-dims;"długość: 61 cm; szerokość: 37 cm"
275222198;777763;"Hulajnoga wyczynowa Globber Stunt GS 720 624-100-3 HS-TNK-000015846";"Sport i turystyka|Akcesoria sportowe|Hulajnogi";82;51.5;66.5;;cm;wymiary-3d;"Wymiary: 82 x 66.5 x 51.5 cm"
275222203;777764;"Hulajnoga wyczynowa Globber Stunt GS 900 Deluxe 627-100 HS-TNK-000015848";"Sport i turystyka|Akcesoria sportowe|Hulajnogi";18;7.9;6.7;;cm;standalone-3d;"180 x 67 x 79 mm"
275222770;777738;"Hulajnoga 3-kołowa Globber Ultimum 612-110 HS-TNK-000015714";"Dla dziecka|Pojazdy dziecięce|Hulajnogi";101;39.5;63;;cm;standalone-3d;"101 x 63 x 39,5 cm"
275230346;777655;"Hulajnoga Globber One K 165 BR 672-110";"Sport i turystyka|Akcesoria sportowe|Hulajnogi";;;;16.5;cm;diameter;"średnicy 165 mm"
275235719;776693;"Hulajnoga trójkołowa SMJ Sport AF-WG04 Jr HS-TNK-000009062";"Dla dziecka|Pojazdy dziecięce|Hulajnogi";;;;;;NO_MATCH;""
275235927;777418;"Hulajnoga 3-kołowa Globber Primo Foldable Lights 432-100-2 HS-TNK-000013800";"Dla dziecka|Pojazdy dziecięce|Hulajnogi";0.2;2.4;12.1;;cm;standalone-3d;"2x 121x24 mm"
275238319;776747;"Hulajnoga trójkołowa SMJ Sport AF-WG006 HS-TNK-000009200";"Dla dziecka|Pojazdy dziecięce|Hulajnogi";;;;;;NO_MATCH;""
275239004;776773;"Hulajnoga miejska Globber 479-102 One NL 230 HS-TNK-000009261";"Sport i turystyka|Akcesoria sportowe|Hulajnogi";;;;23;cm;diameter;"średnica 230 mm"
275239214;777149;"Hulajnoga 3-kołowa Globber Primo Foldable Lights 432-110-2 HS-TNK-000011555";"Dla dziecka|Pojazdy dziecięce|Hulajnogi";0.2;2.4;12.1;;cm;standalone-3d;"2x 121x24 mm"
275243886;776956;"Hulajnoga wyczynowa Globber Stunt GS 540 622-102 HS-TNK-000010051";"Sport i turystyka|Akcesoria sportowe|Hulajnogi";82;51.5;65.5;;cm;wymiary-3d;"Wymiary: 82 x 65,5 x 51,5 cm"
275244277;777177;"Hulajnoga jeździk rowerek Globber GO-UP Deluxe Lights 646-105 HS-TNK-000011642";"Sport i turystyka|Akcesoria sportowe|Hulajnogi";;;;;;NO_MATCH;""
275245742;776772;"Hulajnoga miejska Globber 479-101 One Nl 230 HS-TNK-000009260";"Sport i turystyka|Akcesoria sportowe|Hulajnogi";;;;23;cm;diameter;"średnica 230 mm"
275245797;777431;"Hulajnoga miejska Globber 477-105 One Nl 205 HS-TNK-000013822";"Sport i turystyka|Akcesoria sportowe|Hulajnogi";;;;20.5;cm;diameter;"średnica 205 mm"
275247739;785289;"Rolki freestyle SEBA FR Spin M SKKFRSPIN-BK";"Sport i turystyka|Akcesoria sportowe|Rolki";;;;;;NO_MATCH;""
275247772;785291;"Rolki freestyle SEBA High Light 80 '22 M 22SSK-SHL80-BK";"Sport i turystyka|Akcesoria sportowe|Rolki";;;;;;NO_MATCH;""
275251166;720867;"Rolki freestyle SEBA FRX 80 SkkfrX80-OR";"Sport i turystyka|Akcesoria sportowe|Rolki";;;;;;NO_MATCH;""
275251298;721346;"Hulajnoga Tempish Nixin 200 1050000233";"Sport i turystyka|Akcesoria sportowe|Hulajnogi";;100;;;cm;height-only;"Wysokość kierownicy: 100 cm"
275251417;721828;"Hulajnoga Tempish SMF 200 1050000241";"Sport i turystyka|Akcesoria sportowe|Hulajnogi";;;;20;cm;diameter;"średnicę 200mm"
275260244;720868;"Rolki freestyle SEBA FR3 80 Sskfr380-BK";"Sport i turystyka|Akcesoria sportowe|Rolki";;;;;;NO_MATCH;""
275260625;796064;"Rolki Tempish Viber 90 1000069";"Sport i turystyka|Akcesoria sportowe|Rolki";;;;0.8;cm;diameter;"średnicę 8mm"
275260651;796066;"Rolki regulowane Tempish Rebel T Jr 10000000418";"Sport i turystyka|Akcesoria sportowe|Rolki";;;;;;NO_MATCH;""
275260670;797033;"Rolki Tempish Wox Uni 1000070";"Sport i turystyka|Akcesoria sportowe|Rolki";;;;;;NO_MATCH;""
275275014;805457;"Hulajnoga Spokey Agent 200 mm 929389";"Sport i turystyka|Akcesoria sportowe|Hulajnogi";90;97;36.5;;cm;standalone-3d;"90 x 36,5 x 97 cm"
275287307;811961;"Hulajnoga wyczynowa Globber Stunt Gs 540 622-102-3";"Sport i turystyka|Akcesoria sportowe|Hulajnogi";82;51.5;65.5;;cm;wymiary-3d;"Wymiary: 82 x 65,5 x 51,5 cm"
275287461;811968;"Hulajnoga Globber NL 205 Dluxe Jr 685-206";"Sport i turystyka|Akcesoria sportowe|Hulajnogi";45;;89;;cm;labeled-dims;"długość: 89 cm; szerokość kierownicy: 45 cm"
275287483;811969;"Hulajnoga Globber NL 205 Dluxe Jr 685-210";"Sport i turystyka|Akcesoria sportowe|Hulajnogi";45;;89;;cm;labeled-dims;"długość: 89 cm; szerokość kierownicy: 45 cm"
275305040;813948;"Rolki Outrace Flash Boy PW-126B-79";"Sport i turystyka|Akcesoria sportowe|Rolki";;;;;;NO_MATCH;""
275305044;813949;"Rolki, wrotki Outrace Funny Blue Jr PW-117J";"Sport i turystyka|Akcesoria sportowe|Rolki";;;;;;NO_MATCH;""
275316487;817811;"Hulajnoga 3-kołowa Globber Master Prime / Black - Navy Blue 664-100";"Dla dziecka|Pojazdy dziecięce|Hulajnogi";37;;61;;cm;labeled-dims;"długość: 61 cm; szerokość: 37 cm"
275316501;817812;"Hulajnoga 3-kołowa Globber Master Prime / Black - New Red 664-102";"Dla dziecka|Pojazdy dziecięce|Hulajnogi";37;;61;;cm;labeled-dims;"długość: 61 cm; szerokość: 37 cm"
275316511;817814;"Hulajnoga 3-kołowa Globber Master Prime / Black - Lime Green 664-106";"Dla dziecka|Pojazdy dziecięce|Hulajnogi";37;;61;;cm;labeled-dims;"długość: 61 cm; szerokość: 37 cm"
275321578;813282;"Rolki freestyle FR1 80  22FRSK-FR180-LB";"Sport i turystyka|Akcesoria sportowe|Rolki";;;;;;NO_MATCH;""
275321621;813283;"Rolki fitness K2 Kinetic 80 Pro XT W '22 30G0819";"Sport i turystyka|Akcesoria sportowe|Rolki";;;;;;NO_MATCH;""
275321685;813793;"Rolki freestyle Rollerblade Twister XT '22 072210001A1";"Sport i turystyka|Akcesoria sportowe|Rolki";;;;;;NO_MATCH;""
275329180;818710;"Rolki hokejowe Bauer Vapor X3.5 Int 1060232";"Sport i turystyka|Akcesoria sportowe|Rolki";;;;;;NO_MATCH;""
275329193;818711;"Rolki hokejowe Bauer Vapor X3.5 Jr 1060233";"Sport i turystyka|Akcesoria sportowe|Rolki";;;;;;NO_MATCH;""
275329201;818712;"Rolki hokejowe Bauer Vapor X3.5 Sr 1060231";"Sport i turystyka|Akcesoria sportowe|Rolki";;;;;;NO_MATCH;""
275329272;818714;"Rolki regulowane Bauer RH X-LP Jr 1060527-02";"Sport i turystyka|Akcesoria sportowe|Rolki";;;;;;NO_MATCH;""
275330541;819008;"Rolki hokejowe Bauer Vapor 3X Sr 1060219";"Sport i turystyka|Akcesoria sportowe|Rolki";;;;;;NO_MATCH;""
275336536;820074;"Rolki regulowane Mission RH Lil Ripper Jr 1058582-07";"Sport i turystyka|Akcesoria sportowe|Rolki";;;;;;NO_MATCH;""
275336539;820075;"Rolki regulowane Bauer RH X-LP Jr 1059467-07";"Sport i turystyka|Akcesoria sportowe|Rolki";;;;;;NO_MATCH;""
275336542;820076;"Rolki hokejowe Mission Inhaler WM02 Jr 1058411";"Sport i turystyka|Akcesoria sportowe|Rolki";;;;;;NO_MATCH;""
275351339;823916;"Piłka Lekarska Slam Ball Pro 2kg 100419";"Sport i turystyka|Fitness i trening";;;;;;NO_MATCH;""
275351411;823927;"Hulajnoga balansowa Spokey Plier Jr 940876";"Dla dziecka|Pojazdy dziecięce|Hulajnogi";62;18;24;;cm;standalone-3d;"62 x 24 x 18 cm"
275351415;823928;"Hulajnoga balansowa Spokey Plier Jr 940878";"Dla dziecka|Pojazdy dziecięce|Hulajnogi";62;18;24;;cm;standalone-3d;"62 x 24 x 18 cm"
275369910;721924;"Rolki freestyle SEBA FR1 90 SKKFR190-BK";"Sport i turystyka|Akcesoria sportowe|Rolki";;;;;;NO_MATCH;""
275415659;846739;"Hulajnoga 3-kołowa Globber Primo Foldable Plus Lights Jr 439-100";"Dla dziecka|Pojazdy dziecięce|Hulajnogi";0.2;2.4;12.1;;cm;standalone-3d;"2x 121x24 mm"
275415686;846740;"Hulajnoga 3-kołowa Globber Primo Foldable Plus Lights Jr 439-107";"Dla dziecka|Pojazdy dziecięce|Hulajnogi";0.2;2.4;12.1;;cm;standalone-3d;"2x 121x24 mm"
275415729;846743;"Hulajnoga miejska Globber NL 230-205 Duo 686-100";"Sport i turystyka|Akcesoria sportowe|Hulajnogi";;;;;;NO_MATCH;""
275415753;846744;"Hulajnoga miejska Globber NL 230-205 Duo Vintage 686-112";"Sport i turystyka|Akcesoria sportowe|Hulajnogi";;;;;;NO_MATCH;""
275418362;846431;"Rolki Meteor Rox 22345";"Sport i turystyka|Akcesoria sportowe|Rolki";;;;;;NO_MATCH;""
275418427;846436;"Rolki Meteor Rox 22351";"Sport i turystyka|Akcesoria sportowe|Rolki";;;;;;NO_MATCH;""
275418437;846437;"Rolki Meteor Rox 22352";"Sport i turystyka|Akcesoria sportowe|Rolki";;;;;;NO_MATCH;""
275418441;846438;"Rolki Meteor Rox 22354";"Sport i turystyka|Akcesoria sportowe|Rolki";;;;;;NO_MATCH;""
275418450;846439;"Rolki Meteor Rox 22355";"Sport i turystyka|Akcesoria sportowe|Rolki";;;;;;NO_MATCH;""
275420585;846421;"Rolki Meteor Rox 22362";"Sport i turystyka|Akcesoria sportowe|Rolki";;;;;;NO_MATCH;""
275420588;846422;"Rolki Meteor Rox 22363";"Sport i turystyka|Akcesoria sportowe|Rolki";;;;;;NO_MATCH;""
275435418;850650;"Rolki Coolslide Roma 92800398262";"Sport i turystyka|Akcesoria sportowe|Rolki";;;;;;NO_MATCH;""
275435431;850651;"Rolki Coolslide Roma 92800398266";"Sport i turystyka|Akcesoria sportowe|Rolki";;;;;;NO_MATCH;""
275435487;850653;"Rolki Coolslide Ruller 92800398277";"Sport i turystyka|Akcesoria sportowe|Rolki";;;;;;NO_MATCH;""
275441679;850639;"Rolki Coolslide Desq M 92800398211";"Sport i turystyka|Akcesoria sportowe|Rolki";;;;;;NO_MATCH;""
275441719;850645;"Rolki Hi-Tec Canis M 92800398230";"Sport i turystyka|Akcesoria sportowe|Rolki";;;;;;NO_MATCH;""
275441754;850647;"Rolki Hi-Tec Rizzo M 92800398241";"Sport i turystyka|Akcesoria sportowe|Rolki";;;;;;NO_MATCH;""
275441770;850649;"Rolki Coolslide Hulst 92800398252";"Sport i turystyka|Akcesoria sportowe|Rolki";;;;;;NO_MATCH;""
275443331;850321;"Rolki Coolslide Ramen Yb Jr 92800359328";"Sport i turystyka|Akcesoria sportowe|Rolki";;;;;;NO_MATCH;""
275443339;850322;"Rolki Coolslide Wonton Yb Jr 92800359342";"Sport i turystyka|Akcesoria sportowe|Rolki";;;;;;NO_MATCH;""
275443349;850323;"Rolki Coolslide Wonton Yg Jr 92800359345";"Sport i turystyka|Akcesoria sportowe|Rolki";;;;;;NO_MATCH;""
275628033;906562;"Rolki SMJ sport 3w1 Jr BS-616TP";"Sport i turystyka|Akcesoria sportowe|Rolki";;;;;;NO_MATCH;""
275841889;534447;"Piłka lekarska Yakimasport 4kg 100266";"Sport i turystyka|Fitness i trening";;;;23;cm;diameter;"średnica ok: 23 cm"
275841896;534731;"Piłka lekarska Yakimasport 5kg 100265";"Sport i turystyka|Fitness i trening";;;;23;cm;diameter;"średnica ok: 23 cm"
276258592;935169;"Hulajnoga 3-kołowa Globber Foldable Lights Lime Green Jr 437-106";"Dla dziecka|Pojazdy dziecięce|Hulajnogi";;;;;;NO_MATCH;""
276258650;935659;"Hulajnoga miejska Globber One K 200 Piston Deluxe Blue 678-100";"Sport i turystyka|Akcesoria sportowe|Hulajnogi";;;;;;NO_MATCH;""
276292401;820048;"Rolki Roces Weft Thread M 400875 00002";"Sport i turystyka|Akcesoria sportowe|Rolki";;;;;;NO_MATCH;""
276311107;962192;"Fotel składany Spokey Panama 9401790000 zielony";"Sport i turystyka|Sprzęt turystyczny";55;63;62;;cm;wymiary-3d;"wymiary: 55x62x63 cm"
276373868;806103;"Hulajnoga miejska Globber ONE NL 205 / Black-Charcoal Grey 477-100";"Sport i turystyka|Akcesoria sportowe|Hulajnogi";;;;20.5;cm;diameter;"średnica 205 mm"
276376550;983402;"Rolki Meteor Rox M 22346";"Sport i turystyka|Akcesoria sportowe|Rolki";;;;;;NO_MATCH;""
276383194;974182;"Piłka lekarska tiguar wallball 2 kg TI-WB002";"Sport i turystyka|Fitness i trening";;;;30;cm;diameter;"Średnica: 30 cm"
276383205;974183;"Piłka lekarska tiguar wallball 3 kg TI-WB003";"Sport i turystyka|Fitness i trening";;;;30;cm;diameter;"Średnica: 30 cm"
276383211;974184;"Piłka lekarska tiguar wallball 4 kg TI-WB004";"Sport i turystyka|Fitness i trening";;;;30;cm;diameter;"Średnica: 30 cm"
276383219;974185;"Piłka lekarska tiguar wallball 5 kg TI-WB005";"Sport i turystyka|Fitness i trening";;;;;;NO_MATCH;""
276383228;974186;"Piłka lekarska tiguar wallball 6 kg TI-WB006";"Sport i turystyka|Fitness i trening";;;;30;cm;diameter;"Średnica: 30 cm"
276383234;974187;"Piłka lekarska tiguar wallball 8 kg TI-WB008";"Sport i turystyka|Fitness i trening";;;;30;cm;diameter;"Średnica: 30 cm"
276383241;974188;"Piłka lekarska tiguar wallball 10 kg TI-WB010";"Sport i turystyka|Fitness i trening";;;;30;cm;diameter;"Średnica: 30 cm"
276405818;720865;"Rolki freestyle Seba FR1 310 SKKFR1310-BK";"Sport i turystyka|Akcesoria sportowe|Rolki";;;;;;NO_MATCH;""
276405834;721854;"Rolki Seba FR1 80 Deluxe Intuition SKKFR180DI-BK";"Sport i turystyka|Akcesoria sportowe|Rolki";;;;;;NO_MATCH;""
276406423;934084;"Piłka Lekarska Yakima Slam Ball Pro 100424";"Sport i turystyka|Fitness i trening";;;;25;cm;diameter;"średnica: 25 cm"
276406433;934085;"Piłka Lekarska Yakima Slam Ball Pro 100425";"Sport i turystyka|Fitness i trening";;;;25;cm;diameter;"średnica: 25 cm"
276406473;953410;"Rolki Tempish Wox Xara 1000071";"Sport i turystyka|Akcesoria sportowe|Rolki";;;;;;NO_MATCH;""
276498636;843042;"Rolki Meteor 4w1 Blueberry S 30-33 24383";"Sport i turystyka|Akcesoria sportowe|Rolki";;;;;;NO_MATCH;""
276499441;850203;"Rolki Coolslide Munich 92800351503";"Sport i turystyka|Akcesoria sportowe|Rolki";;;;;;NO_MATCH;""
276517469;1421804;"Hulajnoga Razor A5 Lux 13073064 (kolor różowy)";"Sport i turystyka|Akcesoria sportowe|Hulajnogi";89;105;53;;cm;product-dims-mm;"Szerokość produktu: 890 mm; Wysokość produktu: 1050 mm; Głębokość produktu: 530 mm"
276517471;1421831;"RAZOR hulajnoga Sport S PINK 13073051";"Sport i turystyka|Akcesoria sportowe|Hulajnogi";59.5;15.5;11.5;;cm;product-dims-mm;"Szerokość produktu: 595 mm; Wysokość produktu: 155 mm; Głębokość produktu: 115 mm"
276517473;1421832;"RAZOR hulajnoga dla dzieci Model A Shark Camo 13010345";"Sport i turystyka|Akcesoria sportowe|Hulajnogi";28.8;108;;;cm;product-dims-mm;"Szerokość produktu: 288 mm; Wysokość produktu: 1080 mm"
276517475;1421835;"Hulajnoga Razor A5 Lux 13073001 (kolor srebrny)";"Sport i turystyka|Akcesoria sportowe|Hulajnogi";89;105;53;;cm;product-dims-mm;"Szerokość produktu: 890 mm; Wysokość produktu: 1050 mm; Głębokość produktu: 530 mm"
276517477;1421845;"Hulajnoga Mini Micro Classic Red (LED)";"Dla dziecka|Pojazdy dziecięce|Hulajnogi";;;;;;NO_MATCH;""
276517645;1421846;"Hulajnoga dla dzieci Razor Model A Holographic";"Sport i turystyka|Akcesoria sportowe|Hulajnogi";60.7;82.3;28.8;;cm;product-dims-mm;"Szerokość produktu: 607 mm; Wysokość produktu: 823 mm; Głębokość produktu: 288 mm"
276517649;1421848;"Hulajnoga dla dzieci Razor E-Scooter E200 HD";"Sport i turystyka|Akcesoria sportowe|Hulajnogi";;;;;;NO_MATCH;""
276517652;1421853;"Hulajnoga dla dzieci Razor A Tie-Dye";"Sport i turystyka|Akcesoria sportowe|Hulajnogi";29;82;;;cm;product-dims-mm;"Szerokość produktu: 290 mm; Wysokość produktu: 820 mm"
276517655;1421855;"Hulajnoga Razor A5 Lux 13073067 (kolor czarny)";"Sport i turystyka|Akcesoria sportowe|Hulajnogi";89;105;53;;cm;product-dims-mm;"Szerokość produktu: 890 mm; Wysokość produktu: 1050 mm; Głębokość produktu: 530 mm"
276517658;1421858;"RAZOR-hulajnoga S spark PINK";"Sport i turystyka|Akcesoria sportowe|Hulajnogi";28.8;82.5;63;;cm;product-dims-mm;"Szerokość produktu: 288 mm; Wysokość produktu: 825 mm; Głębokość produktu: 630 mm"
276517660;1421865;"Hulajnoga dla dzieci Razor Model A Checked Out";"Sport i turystyka|Akcesoria sportowe|Hulajnogi";;;;;;NO_MATCH;""
276518119;1494446;"RAZOR hulajnoga S spark RED 13073055";"Sport i turystyka|Akcesoria sportowe|Hulajnogi";;;;;;NO_MATCH;""
276518136;1522328;"Hulajnoga dla dzieci RAZOR Model A Paradise (13010343)";"Sport i turystyka|Akcesoria sportowe|Hulajnogi";;;;;;NO_MATCH;""
276518347;1582826;"Hulajnoga Razor Sport S Jr 13073058";"Sport i turystyka|Akcesoria sportowe|Hulajnogi";29.21;81.28;59.69;;cm;product-dims-mm;"Szerokość produktu: 292,1 mm; Wysokość produktu: 812,8 mm; Głębokość produktu: 596,9 mm"
276522975;2031810;"Lodówka turystyczna zielona 20L 262272 CURVER";"Sport i turystyka|Sprzęt turystyczny";39.6;42.8;26.5;;cm;product-dims-mm;"Szerokość produktu: 396 mm; Wysokość produktu: 428 mm; Głębokość produktu: 265 mm"
276522977;2031811;"Lodówka turystyczna CURVER 159567 (20 l; kolor niebieski)";"Sport i turystyka|Sprzęt turystyczny";39.6;42.8;26.5;;cm;product-dims-mm;"Szerokość produktu: 396 mm; Wysokość produktu: 428 mm; Głębokość produktu: 265 mm"
276522980;2031812;"Lodówka turystyczna zielona 32L 262266 CURVER";"Sport i turystyka|Sprzęt turystyczny";41;49.8;33.3;;cm;product-dims-mm;"Szerokość produktu: 410 mm; Wysokość produktu: 498 mm; Głębokość produktu: 333 mm"
276522982;2031813;"Lodówka turystyczna zielona 10L 261196 CURVER";"Sport i turystyka|Sprzęt turystyczny";42.8;23.5;26.5;;cm;product-dims-mm;"Szerokość produktu: 428 mm; Wysokość produktu: 235 mm; Głębokość produktu: 265 mm"
276522984;2031815;"Lodówka turystyczna niebieska 32L 262270 CURVER";"Sport i turystyka|Sprzęt turystyczny";41;49.8;33.3;;cm;product-dims-mm;"Szerokość produktu: 410 mm; Wysokość produktu: 498 mm; Głębokość produktu: 333 mm"
276523001;2031822;"Lodówka turystyczna niebieska 20L 262277 CURVER";"Sport i turystyka|Sprzęt turystyczny";39.6;42.8;26.5;;cm;product-dims-mm;"Szerokość produktu: 396 mm; Wysokość produktu: 428 mm; Głębokość produktu: 265 mm"
276529111;2031809;"Lodówka turystyczna niebieska 10L 261193 CURVER";"Sport i turystyka|Sprzęt turystyczny";42.8;23.5;26.5;;cm;product-dims-mm;"Szerokość produktu: 428 mm; Wysokość produktu: 235 mm; Głębokość produktu: 265 mm"
276672434;2887313;"Lodówka turystyczna 33L fioletowa 262271 CURVER";"Sport i turystyka|Sprzęt turystyczny";49.8;41;33.3;;cm;product-dims-mm;"Szerokość produktu: 498 mm; Wysokość produktu: 410 mm; Głębokość produktu: 333 mm"
276672454;2887314;"Lodówka turystyczna 10L fioletowa 261190 CURVER";"Sport i turystyka|Sprzęt turystyczny";42.8;23.3;26.5;;cm;product-dims-mm;"Szerokość produktu: 428 mm; Wysokość produktu: 233 mm; Głębokość produktu: 265 mm"
276672481;2887315;"Lodówka turystyczna Ravanson CS-20S (12V)";"Sport i turystyka|Sprzęt turystyczny";38.3;40.9;24.8;;cm;product-dims-mm;"Szerokość produktu: 383 mm; Wysokość produktu: 409 mm; Głębokość produktu: 248 mm"
276672519;2887316;"Lodówka turystyczna Ravanson CS-24S Super (440mm x 401mm x 296mm; 24l, szary)";"Sport i turystyka|Sprzęt turystyczny";40.1;44;29.6;;cm;product-dims-mm;"Szerokość produktu: 401 mm; Wysokość produktu: 440 mm; Głębokość produktu: 296 mm"
276672548;2887317;"Lodówka turystyczna Ravanson CS-28S Super (470mm x 445mm x 348mm; 28l; szary)";"Sport i turystyka|Sprzęt turystyczny";44.5;47;34.8;;cm;product-dims-mm;"Szerokość produktu: 445 mm; Wysokość produktu: 470 mm; Głębokość produktu: 348 mm"
276673951;2900353;"Profesjonalna lodówka turystyczna kompresorowa TEESA z funkcją mrożenia 50L DC12";"Sport i turystyka|Sprzęt turystyczny";;;;;;NO_MATCH;""
276673963;2900355;"Profesjonalna lodówka turystyczna kompresorowa TEESA z funkcją mrożenia 40L DC12";"Sport i turystyka|Sprzęt turystyczny";;;;;;NO_MATCH;""
276673984;2900357;"Lodówka turystyczna TEESA z funkcją grzania 35L";"Sport i turystyka|Sprzęt turystyczny";;;;;;NO_MATCH;""
276673995;2900358;"Lodówka turystyczna Teesa z funkcją grzania 20L";"Sport i turystyka|Sprzęt turystyczny";;;;;;NO_MATCH;""
276676740;1420993;"Fotel gamingowy Huzaro Force 2.5 White Mesh";"Dom|Wyposażenie i akcesoria|Fotele gamingowe";68;;;;cm;product-dims-mm;"Szerokość produktu: 680 mm"
276676749;1420994;"Fotel gamingowy HZ-Ranger 6.0 Pink";"Dom|Wyposażenie i akcesoria|Fotele gamingowe";61;;50;;cm;product-dims-mm;"Szerokość produktu: 610 mm; Głębokość produktu: 500 mm"
276676756;1420995;"Fotel gamingowy Huzaro Combat 5.0 Black";"Dom|Wyposażenie i akcesoria|Fotele gamingowe";61;;;;cm;product-dims-mm;"Szerokość produktu: 610 mm"
276676764;1420996;"Fotel gamingowy dla dziecka HZ-Ranger 6.0 Black";"Dom|Wyposażenie i akcesoria|Fotele gamingowe";61;;50;;cm;product-dims-mm;"Szerokość produktu: 610 mm; Głębokość produktu: 500 mm"
276676772;1420999;"Fotel gamingowy Huzaro Force 4.7 RGB White";"Dom|Wyposażenie i akcesoria|Fotele gamingowe";67;;50;;cm;product-dims-mm;"Szerokość produktu: 670 mm; Głębokość produktu: 500 mm"
276676788;1421003;"Fotel gamingowy Huzaro Force 4.7 Camo Mesh";"Dom|Wyposażenie i akcesoria|Fotele gamingowe";67;;50;;cm;product-dims-mm;"Szerokość produktu: 670 mm; Głębokość produktu: 500 mm"
276676797;1421007;"FURY FOTEL GAMINGOWY AVENGER XL CZARNO-BIAŁY NFF-1712";"Dom|Wyposażenie i akcesoria|Fotele gamingowe";;;;;;NO_MATCH;""
276676812;1421030;"Fotel gamingowy Huzaro Force 4.4 White Mesh";"Dom|Wyposażenie i akcesoria|Fotele gamingowe";71;;71;;cm;product-dims-mm;"Szerokość produktu: 710 mm; Głębokość produktu: 710 mm"
276676820;1421037;"Fotel gamingowy Huzaro Force 6.2 White Mesh";"Dom|Wyposażenie i akcesoria|Fotele gamingowe";70;;50;;cm;product-dims-mm;"Szerokość produktu: 700 mm; Głębokość produktu: 500 mm"
276676825;1421039;"Fotel gamingowy Huzaro Force 4.4 RGB Black";"Dom|Wyposażenie i akcesoria|Fotele gamingowe";71;;71;;cm;product-dims-mm;"Szerokość produktu: 710 mm; Głębokość produktu: 710 mm"
276676829;1421054;"Fotel gamingowy Huzaro Force 4.7 White Mesh";"Dom|Wyposażenie i akcesoria|Fotele gamingowe";67;;50;;cm;product-dims-mm;"Szerokość produktu: 670 mm; Głębokość produktu: 500 mm"
276676834;1421055;"Fotel gamingowy Huzaro Combat 5.0 Camo";"Dom|Wyposażenie i akcesoria|Fotele gamingowe";61;;;;cm;product-dims-mm;"Szerokość produktu: 610 mm"
276676839;1421060;"Fotel AEROCOOL CROWN AeroWeave Ash Grey";"Dom|Wyposażenie i akcesoria|Fotele gamingowe";52;;52;;cm;seat-dims;"Szerokość siedziska: 52 cm; Głębokość siedziska: 52 cm"
276676842;1421063;"Fotel gamingowy dla dziecka HZ-Ranger 6.0 Pixel Mesh";"Dom|Wyposażenie i akcesoria|Fotele gamingowe";61;;50;;cm;product-dims-mm;"Szerokość produktu: 610 mm; Głębokość produktu: 500 mm"
276677084;1421281;"Biurko gamingowe Huzaro Hero 6.3 White";"Dom|Wyposażenie i akcesoria|Biurka i stanowiska gamingowe";154;74;117;;cm;product-dims-mm;"Szerokość produktu: 1540 mm; Wysokość produktu: 740 mm; Głębokość produktu: 1170 mm"
276677089;1421283;"Biurko gamingowe Huzaro Hero 1.6 Black";"Dom|Wyposażenie i akcesoria|Biurka i stanowiska gamingowe";120;75;60;;cm;product-dims-mm;"Szerokość produktu: 1200 mm; Wysokość produktu: 750 mm; Głębokość produktu: 600 mm"
276677094;1421284;"Biurko gamingowe Huzaro Hero 1.4 White";"Dom|Wyposażenie i akcesoria|Biurka i stanowiska gamingowe";100;75;50;;cm;product-dims-mm;"Szerokość produktu: 1000 mm; Wysokość produktu: 750 mm; Głębokość produktu: 500 mm"
276677100;1421285;"Biurko gamingowe HZ-Hero 7.0";"Dom|Wyposażenie i akcesoria|Biurka i stanowiska gamingowe";154;72.5;117;;cm;product-dims-mm;"Szerokość produktu: 1540 mm; Wysokość produktu: 725 mm; Głębokość produktu: 1170 mm"
276677105;1421286;"Biurko gamingowe Huzaro Hero 6.0 Black";"Dom|Wyposażenie i akcesoria|Biurka i stanowiska gamingowe";147;74;112;;cm;product-dims-mm;"Szerokość produktu: 1470 mm; Wysokość produktu: 740 mm; Głębokość produktu: 1120 mm"
276677110;1421287;"Biurko gamingowe Huzaro Hero 5.0 RGB";"Dom|Wyposażenie i akcesoria|Biurka i stanowiska gamingowe";116;69.5;59;;cm;product-dims-mm;"Szerokość produktu: 1160 mm; Wysokość produktu: 695 mm; Głębokość produktu: 590 mm"
276677115;1421288;"Biurko gamingowe Huzaro Hero 1.8 Black";"Dom|Wyposażenie i akcesoria|Biurka i stanowiska gamingowe";;70;;;cm;product-dims-mm;"Wysokość produktu: 700 mm"
276677118;1421289;"Biurko gamingowe Huzaro Hero 6.0 Black RGB";"Dom|Wyposażenie i akcesoria|Biurka i stanowiska gamingowe";147;74;112;;cm;product-dims-mm;"Szerokość produktu: 1470 mm; Wysokość produktu: 740 mm; Głębokość produktu: 1120 mm"
276677120;1421290;"Biurko gamingowe Huzaro Hero 6.3 Black";"Dom|Wyposażenie i akcesoria|Biurka i stanowiska gamingowe";154;74;117;;cm;product-dims-mm;"Szerokość produktu: 1540 mm; Wysokość produktu: 740 mm; Głębokość produktu: 1170 mm"
276677122;1421291;"Biurko gamingowe HZ-Hero 2.5";"Dom|Wyposażenie i akcesoria|Biurka i stanowiska gamingowe";120;;60;;cm;blat-sxg;"blatu (SxG): 1200 x 600 mm"
276677124;1421292;"Biurko gamingowe Huzaro Hero 2.5 RGB";"Dom|Wyposażenie i akcesoria|Biurka i stanowiska gamingowe";;75;;;cm;product-dims-mm;"Wysokość produktu: 750 mm"
276677126;1421293;"Biurko gamingowe Huzaro Hero 7.0 White";"Dom|Wyposażenie i akcesoria|Biurka i stanowiska gamingowe";154;72.5;117;;cm;product-dims-mm;"Szerokość produktu: 1540 mm; Wysokość produktu: 725 mm; Głębokość produktu: 1170 mm"
276677128;1421295;"Biurko gamingowe Huzaro Hero 9.1";"Dom|Wyposażenie i akcesoria|Biurka i stanowiska gamingowe";119;;85;;cm;product-dims-mm;"Szerokość produktu: 1190 mm; Głębokość produktu: 850 mm"
276677130;1421296;"Biurko gamingowe Huzaro Hero 4.7 Black";"Dom|Wyposażenie i akcesoria|Biurka i stanowiska gamingowe";;75;;;cm;product-dims-mm;"Wysokość produktu: 750 mm"
276677132;1421299;"Biurko gamingowe Huzaro Hero 1.7 RGB Black";"Dom|Wyposażenie i akcesoria|Biurka i stanowiska gamingowe";;75;;;cm;product-dims-mm;"Wysokość produktu: 750 mm"
276677134;1421300;"Biurko gamingowe Huzaro Hero 3.3 RGB";"Dom|Wyposażenie i akcesoria|Biurka i stanowiska gamingowe";;74;;;cm;product-dims-mm;"Wysokość produktu: 740 mm"
276677136;1421301;"Biurko elektryczne Huzaro Hero 7.9 Black";"Dom|Wyposażenie i akcesoria|Biurka i stanowiska gamingowe";;118;;;cm;height-only;"wysokość: 118 cm"
276677138;1421302;"Biurko elektryczne Huzaro Hero 7.9 White";"Dom|Wyposażenie i akcesoria|Biurka i stanowiska gamingowe";;118;;;cm;height-only;"wysokość: 118 cm"
276677140;1421303;"Biurko gamingowe Huzaro Hero 6.0 White";"Dom|Wyposażenie i akcesoria|Biurka i stanowiska gamingowe";147;74;112;;cm;product-dims-mm;"Szerokość produktu: 1470 mm; Wysokość produktu: 740 mm; Głębokość produktu: 1120 mm"
276677142;1421305;"Biurko gamingowe HZ-Hero 5.0 Black";"Dom|Wyposażenie i akcesoria|Biurka i stanowiska gamingowe";116;69.5;59;;cm;product-dims-mm;"Szerokość produktu: 1160 mm; Wysokość produktu: 695 mm; Głębokość produktu: 590 mm"
276677144;1421307;"Biurko gamingowe Huzaro Hero 8.2 Balck";"Dom|Wyposażenie i akcesoria|Biurka i stanowiska gamingowe";;72;;;cm;product-dims-mm;"Wysokość produktu: 720 mm"
276677146;1421310;"Biurko gamingowe Huzaro Hero 3.3 Black";"Dom|Wyposażenie i akcesoria|Biurka i stanowiska gamingowe";;74;;;cm;product-dims-mm;"Wysokość produktu: 740 mm"
276677148;1421313;"Biurko gamingowe HZ-Hero 5.0 White";"Dom|Wyposażenie i akcesoria|Biurka i stanowiska gamingowe";120;;15;;cm;blat-sxg;"blatu (SxG): 1200 x 150 mm"
276677150;1421314;"Biurko gamingowe Huzaro Hero 1.4 Black";"Dom|Wyposażenie i akcesoria|Biurka i stanowiska gamingowe";100;75;50;;cm;product-dims-mm;"Szerokość produktu: 1000 mm; Wysokość produktu: 750 mm; Głębokość produktu: 500 mm"
276677152;1431204;"Fotel gamingowy Huzaro Combat 7.9 Black";"Dom|Wyposażenie i akcesoria|Fotele gamingowe";70;;;;cm;product-dims-mm;"Szerokość produktu: 700 mm"
276677154;1431209;"Biurko elektryczne MA-Leader 7.0 White";"Dom|Wyposażenie i akcesoria|Biurka i stanowiska gamingowe";;;;;;NO_MATCH;""
276677156;1431212;"Biurko elektryczne MA-Leader 7.6 Black";"Dom|Wyposażenie i akcesoria|Biurka i stanowiska gamingowe";160;;80;;cm;product-dims-mm;"Szerokość produktu: 1600 mm; Głębokość produktu: 800 mm"
276677158;1431213;"Biurko elektryczne MA-Leader 7.6 White";"Dom|Wyposażenie i akcesoria|Biurka i stanowiska gamingowe";160;;80;;cm;product-dims-mm;"Szerokość produktu: 1600 mm; Głębokość produktu: 800 mm"
276677160;1431214;"Biurko elektryczne MA-Leader 8.2 Black";"Dom|Wyposażenie i akcesoria|Biurka i stanowiska gamingowe";;;;;;NO_MATCH;""
276677162;1431216;"Biurko gamingowe Huzaro Hero 2.6 Black";"Dom|Wyposażenie i akcesoria|Biurka i stanowiska gamingowe";;;;;;NO_MATCH;""
276677167;1433339;"Fotel gamingowy Huzaro Force 4.7 RGB Mesh";"Dom|Wyposażenie i akcesoria|Fotele gamingowe";67;;50;;cm;product-dims-mm;"Szerokość produktu: 670 mm; Głębokość produktu: 500 mm"
276677172;1433340;"Fotel gamingowy Huzaro Force 4.7 Carbon Mesh";"Dom|Wyposażenie i akcesoria|Fotele gamingowe";67;;50;;cm;product-dims-mm;"Szerokość produktu: 670 mm; Głębokość produktu: 500 mm"
276677177;1433345;"Fotel gamingowy dla dziecka HZ-Ranger 1.0 red mesh";"Dom|Wyposażenie i akcesoria|Fotele gamingowe";54;;;;cm;product-dims-mm;"Szerokość produktu: 540 mm"
276677182;1440436;"Fotel gamingowy Huzaro Force 4.7 Grey Mesh";"Dom|Wyposażenie i akcesoria|Fotele gamingowe";67;;50;;cm;product-dims-mm;"Szerokość produktu: 670 mm; Głębokość produktu: 500 mm"
276677202;1494441;"Fotel gamingowy Aerocool AC-280 DUKE AEROAC-280DUKE-BK/BL (kolor niebieski)";"Dom|Wyposażenie i akcesoria|Fotele gamingowe";69;;70;;cm;product-dims-mm;"Szerokość produktu: 690 mm; Głębokość produktu: 700 mm"
276677207;1494442;"FOTEL AEROCOOL AC-280 DUKE CZARNY";"Dom|Wyposażenie i akcesoria|Fotele gamingowe";69;;70;;cm;product-dims-mm;"Szerokość produktu: 690 mm; Głębokość produktu: 700 mm"
276677213;1494443;"Fotel AEROCOOL ROYAL AeroWeave Ash Grey";"Dom|Wyposażenie i akcesoria|Fotele gamingowe";52;133;;;cm;chair-max-seat;"Wysokość (max.): 133 cm; Szerokość siedziska: 52 cm"
276677217;1494444;"FOTEL  AEROCOOL AC-280 DUKE SZARY";"Dom|Wyposażenie i akcesoria|Fotele gamingowe";69;;70;;cm;product-dims-mm;"Szerokość produktu: 690 mm; Głębokość produktu: 700 mm"
276677222;1494445;"FOTEL AEROCOOL ROYAL AeroWeave ASH BLACK";"Dom|Wyposażenie i akcesoria|Fotele gamingowe";52;133;;;cm;chair-max-seat;"Wysokość (max.): 133 cm; Szerokość siedziska: 52 cm"
276677228;1503913;"Fotel gamingowy Huzaro Force 6.2 Carbon";"Dom|Wyposażenie i akcesoria|Fotele gamingowe";70;;70;;cm;product-dims-mm;"Szerokość produktu: 700 mm; Głębokość produktu: 700 mm"
276677306;1527960;"Fotel gamingowy Force 3.7 Grey";"Dom|Wyposażenie i akcesoria|Fotele gamingowe";60;;;;cm;product-dims-mm;"Szerokość produktu: 600 mm"
276677334;1591546;"Fotel gamingowy Force 4.6 Carbon";"Dom|Wyposażenie i akcesoria|Fotele gamingowe";64;;56;;cm;product-dims-mm;"Szerokość produktu: 640 mm; Głębokość produktu: 560 mm"
276677336;1591548;"Fotel gamingowy Force 4.6 RGB Black Mesh";"Dom|Wyposażenie i akcesoria|Fotele gamingowe";64;;56;;cm;product-dims-mm;"Szerokość produktu: 640 mm; Głębokość produktu: 560 mm"
276677429;1421056;"Fotel AEROCOOL CROWN AeroSuede Stone Grey";"Dom|Wyposażenie i akcesoria|Fotele gamingowe";52;;52;;cm;seat-dims;"Szerokość siedziska: 52 cm; Głębokość siedziska: 52 cm"
276677433;1421059;"FOTEL AEROCOOL ROYAL AeroSuede SLATE GREY";"Dom|Wyposażenie i akcesoria|Fotele gamingowe";52;133;;;cm;chair-max-seat;"Wysokość (max.): 133 cm; Szerokość siedziska: 52 cm"
276677480;1433349;"Biurko gamingowe Huzaro Hero 4.8 RGB";"Dom|Wyposażenie i akcesoria|Biurka i stanowiska gamingowe";;;;;;NO_MATCH;""
276677509;1420990;"Mata pod fotel gamingowy TRUST GXT 715 Chair Mat";"Dom|Wyposażenie i akcesoria ";99;;120;;cm;product-dims-mm;"Szerokość produktu: 990 mm; Głębokość produktu: 1200 mm"
276677581;1421282;"Biurko gamingowe Huzaro Hero 2.5 White";"Dom|Wyposażenie i akcesoria|Biurka i stanowiska gamingowe";;75;;;cm;product-dims-mm;"Wysokość produktu: 750 mm"
276677587;1421309;"MACLEAN BIURKO ELEKTRYCZNE, STOLIK, STACJA ROBOCZA REGULACJA WYS MAX WYS 122CM M";"Dom|Wyposażenie i akcesoria|Biurka i stanowiska gamingowe";;;;;;NO_MATCH;""
276677591;1431208;"Biurko gamingowe Huzaro Hero 2.6 White";"Dom|Wyposażenie i akcesoria|Biurka i stanowiska gamingowe";;;;;;NO_MATCH;""
276677598;1437956;"Fotel gamingowy Huzaro Combat 6.2 Black RGB";"Dom|Wyposażenie i akcesoria|Fotele gamingowe";75;;;;cm;product-dims-mm;"Szerokość produktu: 750 mm"
276677609;1522291;"Mata pod fotel Huzaro FloorMat 7.0";"Dom|Wyposażenie i akcesoria ";120;;120;;cm;product-dims-mm;"Szerokość produktu: 1200 mm; Głębokość produktu: 1200 mm"
276677637;1663350;"Fotel gamingowy Huzaro Force 4.7 Pink Mesh";"Dom|Wyposażenie i akcesoria|Fotele gamingowe";67;;;;cm;product-dims-mm;"Szerokość produktu: 670 mm"
276677640;1663361;"Biurko gamingowe Huzaro Hero 1.9 Black";"Dom|Wyposażenie i akcesoria|Biurka i stanowiska gamingowe";120;;60;;cm;product-dims-mm;"Szerokość produktu: 1200 mm; Głębokość produktu: 600 mm"
276677642;1663362;"Biurko gamingowe Huzaro Hero 1.9 White";"Dom|Wyposażenie i akcesoria|Biurka i stanowiska gamingowe";120;;60;;cm;product-dims-mm;"Szerokość produktu: 1200 mm; Głębokość produktu: 600 mm"
276677644;1663363;"Biurko gamingowe Huzaro Hero 3.6 Black";"Dom|Wyposażenie i akcesoria|Biurka i stanowiska gamingowe";140;79;60;;cm;product-dims-mm;"Szerokość produktu: 1400 mm; Wysokość produktu: 790 mm; Głębokość produktu: 600 mm"
276677646;1663364;"Biurko gamingowe Huzaro Hero 3.6 RGB Black";"Dom|Wyposażenie i akcesoria|Biurka i stanowiska gamingowe";140;79;60;;cm;product-dims-mm;"Szerokość produktu: 1400 mm; Wysokość produktu: 790 mm; Głębokość produktu: 600 mm"
276677648;1663365;"Biurko gamingowe Huzaro Hero 4.6 Black";"Dom|Wyposażenie i akcesoria|Biurka i stanowiska gamingowe";160;79;60;;cm;product-dims-mm;"Szerokość produktu: 1600 mm; Wysokość produktu: 790 mm; Głębokość produktu: 600 mm"
276677651;1663366;"Biurko gamingowe Huzaro Hero 4.6 RGB Black";"Dom|Wyposażenie i akcesoria|Biurka i stanowiska gamingowe";160;79;60;;cm;product-dims-mm;"Szerokość produktu: 1600 mm; Wysokość produktu: 790 mm; Głębokość produktu: 600 mm"
276677655;1663371;"Biurko gamingowe Huzaro Hero 8.1 White";"Dom|Wyposażenie i akcesoria|Biurka i stanowiska gamingowe";120;118;60;;cm;product-dims-mm;"Szerokość produktu: 1200 mm; Wysokość produktu: 1180 mm; Głębokość produktu: 600 mm"
276677803;1549502;"FOTEL GAMINGOWY GENESIS NITRO 550 G2 SZARY";"Dom|Wyposażenie i akcesoria|Fotele gamingowe";53.5;;50;;cm;seat-dims;"Szerokość siedziska: 53,5 cm; Głębokość siedziska: 50 cm"
276677810;1549508;"Fotel ergonomiczny Genesis Astat 700 G2 Czarny";"Dom|Wyposażenie i akcesoria|Fotele gamingowe";50;;52;;cm;seat-dims;"Szerokość siedziska: 50 cm; Głębokość siedziska: 52 cm"
276677817;1549509;"Fotel gamingowy Genesis Nitro 440 G2 Mesh czarny";"Dom|Wyposażenie i akcesoria|Fotele gamingowe";52.5;;50;;cm;seat-dims;"Szerokość siedziska: 52,5 cm; Głębokość siedziska: 50 cm"
276677824;1549515;"Fotel dla gracza GENESIS Astat 200 (Siatka z oczkiem, Czarny)";"Dom|Wyposażenie i akcesoria|Fotele gamingowe";48;;49;;cm;seat-dims;"Szerokość siedziska: 48 cm; Głębokość siedziska: 49 cm"
276677926;1555946;"Biurko gamingowe z półką na monitor NanoRS, 50kg max, wysokość 850mm, czarne, RS";"Dom|Wyposażenie i akcesoria|Biurka i stanowiska gamingowe";;;;;;NO_MATCH;""
276677929;1555947;"Biurko gamingowe Genesis Holm Modular 120";"Dom|Wyposażenie i akcesoria|Biurka i stanowiska gamingowe";120;;75;;cm;blat-sxg;"blatu (SxG): 1200 x 750 mm"
276677931;1555948;"Biurko gamingowe Genesis Holm Modular 140";"Dom|Wyposażenie i akcesoria|Biurka i stanowiska gamingowe";140;;75;;cm;blat-sxg;"blatu (SxG): 1400 x 750 mm"
276677934;1555955;"Biurko gamingowe czarne duże RGB Led  NanoRS RS150 50kg max, wysokość 780mm";"Dom|Wyposażenie i akcesoria|Biurka i stanowiska gamingowe";;;;;;NO_MATCH;""
276677940;1555957;"Biurko gamingowe RGB Led NanoRS, czarne, duże, 100kg max, wysokość 760mm, RS163";"Dom|Wyposażenie i akcesoria|Biurka i stanowiska gamingowe";120;2.8;60;;cm;standalone-3d;"120 x 60 x 2,8 cm"
276678101;1791616;"Biurko gamingowe Genesis Holm Modular 180";"Dom|Wyposażenie i akcesoria|Biurka i stanowiska gamingowe";180;;75;;cm;blat-sxg;"blatu (SxG): 1800 x 750 mm"
276678126;1527962;"Fotel gamingowy Force 3.7 Yellow";"Dom|Wyposażenie i akcesoria|Fotele gamingowe";60;;;;cm;product-dims-mm;"Szerokość produktu: 600 mm"
276678144;1810861;"GENESIS NFG-2246 fotel do gry - fotel dla gracza - Obite siedzisko";"Dom|Wyposażenie i akcesoria|Fotele gamingowe";54.5;;51;;cm;seat-dims;"Szerokość siedziska: 54,5 cm; Głębokość siedziska: 51 cm"
276678157;1810865;"Fotel gamingowy Trust GXT 714R Ruya Red";"Dom|Wyposażenie i akcesoria|Fotele gamingowe";71;;75;;cm;product-dims-mm;"Szerokość produktu: 710 mm; Głębokość produktu: 750 mm"
276678164;1810993;"Fotel gamingowy Fury Shinai S4 czarny";"Dom|Wyposażenie i akcesoria|Fotele gamingowe";;;;;;NO_MATCH;""
276678170;1810994;"Fotel gamingowy Fury Shinai S2 czarny";"Dom|Wyposażenie i akcesoria|Fotele gamingowe";;;;;;NO_MATCH;""
276678587;2011945;"Fotel gamingowy Huzaro Force 2.7 Red";"Dom|Wyposażenie i akcesoria|Fotele gamingowe";63;;;;cm;product-dims-mm;"Szerokość produktu: 630 mm"
276678705;2095929;"Fotel do gry GENESIS NFG-2247 - fotel dla gracza z obitym siedziskiem";"Dom|Wyposażenie i akcesoria|Fotele gamingowe";54.5;;51;;cm;seat-dims;"Szerokość siedziska: 54,5 cm; Głębokość siedziska: 51 cm"
276702069;1663344;"Fotel gamingowy Huzaro Combat 3.1 Grey";"Dom|Wyposażenie i akcesoria|Fotele gamingowe";66;;;;cm;product-dims-mm;"Szerokość produktu: 660 mm"
276702094;1663345;"Fotel gamingowy Huzaro Combat 3.1 Pixel";"Dom|Wyposażenie i akcesoria|Fotele gamingowe";66;;;;cm;product-dims-mm;"Szerokość produktu: 660 mm"
276702110;1663346;"Fotel gamingowy Huzaro Combat 3.1 White";"Dom|Wyposażenie i akcesoria|Fotele gamingowe";66;;;;cm;product-dims-mm;"Szerokość produktu: 660 mm"
276702121;1663369;"Biurko gamingowe Huzaro Hero 7.3 White";"Dom|Wyposażenie i akcesoria|Biurka i stanowiska gamingowe";140;79;140;;cm;product-dims-mm;"Szerokość produktu: 1400 mm; Wysokość produktu: 790 mm; Głębokość produktu: 1400 mm"
276702844;2670158;"Fotel gamingowy Trust GXT723B RUYA COMFORTABLE FABRIC BEIGE";"Dom|Wyposażenie i akcesoria|Fotele gamingowe";71;;75;;cm;product-dims-mm;"Szerokość produktu: 710 mm; Głębokość produktu: 750 mm"
276702846;2670159;"Fotel gamingowy TRUST GXT 721SM Ruya Pro Premium";"Dom|Wyposażenie i akcesoria|Fotele gamingowe";71;;75;;cm;product-dims-mm;"Szerokość produktu: 710 mm; Głębokość produktu: 750 mm"
276702848;2670160;"Fotel gamingowy TRUST GXT 703BM Revvo";"Dom|Wyposażenie i akcesoria|Fotele gamingowe";44;;44;;cm;seat-dims;"Szerokość siedziska: 44 cm; Głębokość siedziska: 44 cm"
276702851;2670161;"Fotel gamingowy TRUST GXT 721BM Ruya Pro Premium";"Dom|Wyposażenie i akcesoria|Fotele gamingowe";71;;75;;cm;product-dims-mm;"Szerokość produktu: 710 mm; Głębokość produktu: 750 mm"
276703315;1549503;"Fotel gamingowy Kruger&Matz GX-150 Czarno-szary";"Dom|Wyposażenie i akcesoria|Fotele gamingowe";;;;;;NO_MATCH;""
276703320;1549504;"Fotel gamingowy Kruger&amp;Matz GX-150 Czarno-zielony";"Dom|Wyposażenie i akcesoria|Fotele gamingowe";;;;;;NO_MATCH;""
276703326;1549505;"Fotel gamingowy Kruger&Matz GX-150 Biało-różowy";"Dom|Wyposażenie i akcesoria|Fotele gamingowe";;;;;;NO_MATCH;""
276703331;1549511;"KRUGER&MATZ FOTEL GAMINGOWY WARRIOR GX-150 CZARNY";"Dom|Wyposażenie i akcesoria|Fotele gamingowe";;;;;;NO_MATCH;""
276703335;1549513;"Fotel Gamingowy Kruger&Matz Gx-150 Czarno-Biały";"Dom|Wyposażenie i akcesoria|Fotele gamingowe";;;;;;NO_MATCH;""
276703341;1569180;"Fotel gamingowy Kruger&Matz GX-150 Czarny LED";"Dom|Wyposażenie i akcesoria|Fotele gamingowe";;;;;;NO_MATCH;""
276703735;2852402;"GENESIS NFG-2244 fotel do gry Fotel dla gracza Obite siedzisko";"Dom|Wyposażenie i akcesoria|Fotele gamingowe";54.5;;51;;cm;seat-dims;"Szerokość siedziska: 54,5 cm; Głębokość siedziska: 51 cm"
276704037;1549506;"Fotel gamingowy Kruger&amp;Matz GX-150 Czarno-niebieski";"Dom|Wyposażenie i akcesoria|Fotele gamingowe";;;;;;NO_MATCH;""
276704045;1549512;"Fotel gamingowy Kruger&amp;Matz GX-150 Czarno-czerwony";"Dom|Wyposażenie i akcesoria|Fotele gamingowe";;;;;;NO_MATCH;""